kind,tic,key,sector,period,catalogue_period,morph,crowdsap,flfrcsap,tessmag,teff,ls_freq,ls_snr,point_noise,sigma_bin,n_points,depth1_sigma,depth2_sigma,mask_fraction,detached_like,period_source,bls_snr,slow_snr,exclude,exclude_reason
GDOR,443585996,EPIC 201436749,45.0,0.534359,0.534359,,0.99956906,0.93284744,7.93213987,7635.0,21.02091508329898,28.975103452149344,0.000540813248565687,6.0090360951743005e-05,16204,,,,,catalogue,,,,
GDOR,307084879,VSSP J081346.68-683905.0,10.0,0.994543,0.994543,,0.98706061,0.93657607,9.48910046,7037.0,0.9869516086481673,17.71481903842205,0.0007666615449479203,8.736919161170163e-05,15534,,,,,catalogue,,,,
GDOR,446178336,HD 138936,51.0,0.458,0.458,,0.99857515,0.97248918,6.2743001,7298.0,1.3977101521934618,7.077505743652158,0.00022026862565261248,3.750102122160808e-05,6826,,,,,catalogue,,,,
GDOR,35156129,EPIC 211067419,42.0,2.49131,2.49131,,0.98600912,0.92125934,9.50399971,6011.91992188,0.8065772439579356,15.743472892810885,0.0008477823116325289,0.00010681053154757774,13037,,,,,catalogue,,,,
GDOR,414641494,V2118 Oph,80.0,0.8117,0.8117,,0.99676722,0.96084017,6.68330002,6928.0,1.2335463379349756,17.382554513925488,0.0002715806788708519,3.5060914880617126e-05,11661,,,,,catalogue,,,,
GDOR,59613362,EPIC 202093819,6.0,0.949259,0.949259,,0.98784471,0.92446196,8.96627998,6301.93017578,0.5183719392866948,23.25824775071204,0.0005976441860927482,6.94747254422537e-05,14685,,,,,catalogue,,,,
GDOR,237216990,MNIC V142,16.0,1.346801,1.346801,,0.98849565,0.88696241,10.19999981,7232.0,0.753373881180071,15.599105064920776,0.0011255521566054492,0.00014180624257192594,12783,,,,,catalogue,,,,
GDOR,83018838,EPIC 202063271,71.0,0.726409,0.726409,,0.97155845,0.91143334,9.2887001,9922.0,36.05096791806502,15.640769991791409,0.0007512573453891378,8.733189249043717e-05,14829,,,,,catalogue,,,,
GDOR,462612455,HD 143707,24.0,1.4592,1.4592,,0.98262066,0.96332484,7.48159981,6582.0,0.5,6.8319148774125615,0.0003440664506675421,3.7995783218372575e-05,16215,,,,,catalogue,,,,
GDOR,328798400,HD 45947,19.0,1.207915,1.207915,,0.99816436,0.96965075,5.85029984,6543.56005859,0.8452410640600575,13.22258580165825,0.00016220312953671678,1.7804106481609602e-05,16692,,,,,catalogue,,,,
GDOR,433357868,NSV 19289,10.0,0.505382,0.505382,,0.95552987,0.91801643,8.27820015,7146.0,1.6701200807374086,14.536090277150988,0.0004747442815141791,5.4102131992272484e-05,15493,,,,,catalogue,,,,
GDOR,435335988,EPIC 210388603,5.0,0.773436,0.773436,,0.9678539,0.91429871,9.53619957,6026.0,1.2979086441036582,34.11180435721574,0.0008325312875181621,9.030069667483509e-05,16901,,,,,catalogue,,,,
GDOR,405484278,EPIC 211081656,42.0,0.775044,0.775044,,0.99577516,0.92020261,9.02770042,6752.0,1.2961806525678277,12.710800600480407,0.0006506073439273476,8.069790922581843e-05,13079,,,,,catalogue,,,,
GDOR,282799114,HD 50747,6.0,0.20591,0.20591,,0.99602354,0.9691577,5.28885984,7925.0,4.86329090410171,16.05677376002303,0.00011961103618296596,1.3999412892172219e-05,14650,,,,,catalogue,,,,
GDOR,45367294,EPIC 202061208,43.0,2.056225,2.056225,,0.96468139,0.88643253,9.71319962,10592.0,73.26056645149367,3.4534995798541055,0.0008901023399373382,9.890025999303758e-05,15819,,,,,catalogue,,,,
GDOR,954205168,MS Com,22.0,0.68803,0.68803,,0.99521011,0.96331978,7.15059996,6913.0,1.4558228857516096,22.232256273245383,0.00036835907889205317,4.1055697814173353e-05,16091,,,,,catalogue,,,,
GDOR,61143770,ZALD J03465558+1817023,42.0,0.5101,0.5101,,0.99971217,0.94588786,8.4708004,6802.0,1.9633098371424516,15.929319021926997,0.0005094568370512895,6.13313959387972e-05,13760,,,,,catalogue,,,,
GDOR,428698984,HD 113385,37.0,2.56082,2.56082,,0.99926275,0.94403297,8.71199036,6930.0,0.5330068533844114,12.731679767299811,0.0005797720986195315,6.739713747406926e-05,15436,,,,,catalogue,,,,
GDOR,273761281,CzeV3891,41.0,0.837638,0.837638,,0.61143601,0.92986071,6.96659994,,0.8836387023187852,4.69762640924494,0.0005981848325205146,6.270680894882957e-05,18314,,,,,catalogue,,,,
GDOR,415687649,HIP 105217,1.0,0.61491,0.61491,,0.97358799,0.94048446,8.43029022,7214.0,1.6245530072328571,21.08350318338233,0.0004785785039200006,5.0168658884039774e-05,18179,,,,,catalogue,,,,
GDOR,204378938,EPIC 204134902,91.0,2.466754,2.466754,,0.99209714,0.81748879,11.0461998,5334.0,0.5,10.06176105581639,0.002035259884742979,0.0002584782638407514,12042,,,,,catalogue,,,,
GDOR,389771101,V1132 Cas,58.0,0.62576,0.62576,,0.94008124,0.93082809,7.8708601,6847.0,1.5967602636105687,26.45932590510466,0.0004908210920166838,4.983533135458351e-05,19468,,,,,catalogue,,,,
GDOR,5976776,MU Vir,91.0,0.76144,0.76144,,0.99928939,0.95993775,6.86749983,7130.0,1.3167898154198256,20.089974126616625,0.0006267395513472536,8.091172815924737e-05,11703,,,,,catalogue,,,,
GDOR,240674960,Coliac V1,57.0,0.439,0.439,,0.9882378,0.93820471,8.68015957,7026.0,2.2732916179937277,14.16961203190738,0.0005343087430116523,5.632108672194652e-05,17990,,,,,catalogue,,,,
GDOR,26543048,V2081 Cyg,14.0,1.002321,1.002321,,0.99047333,0.95425075,8.08745003,6164.0,0.9990930749567295,44.102045764897845,0.0005596488976236255,5.8032887284483275e-05,18412,,,,,catalogue,,,,
GDOR,92937296,HD 36887,98.0,1.40588,1.40588,,0.97205299,0.94937909,8.84969997,7175.0,0.7091592329878389,32.475218990376575,0.0006014149838879548,5.138234969502766e-05,27119,,,,,catalogue,,,,
GDOR,178924969,LP Vir,46.0,0.83022,0.83022,,0.97905463,0.94895715,6.55830002,6917.0,1.2038031706749472,24.039378988119985,0.00028651914822628243,3.173765588746043e-05,16444,,,,,catalogue,,,,
GDOR,388880271,EPIC 201860653,45.0,2.001642,2.001642,,0.99697244,0.92195308,8.25032997,6224.49023438,77.29795659509746,3.6434480323002263,0.0004617953572305059,5.163029052306051e-05,16232,,,,,catalogue,,,,
GDOR,323403590,CzeV4336,17.0,0.3998,0.3998,,0.97488809,0.95033306,8.06879997,9121.0,2.4955284467594203,25.254520361594818,0.00042491454762659726,5.042807914229841e-05,14084,,,,,catalogue,,,,
GDOR,113955498,HAT 259-0000543,42.0,2.29533393,2.29533393,,0.99746352,0.91353995,9.53892994,6109.60009766,0.5,28.06561220267963,0.0008552426754728933,0.00010690533443411166,12112,,,,,catalogue,,,,
GDOR,322443839,TIC 322443839,16.0,3.9179,3.9179,,0.72996181,0.83223492,9.83006954,6757.0,0.5084155023085293,12.208810370452785,0.001327765169673486,0.00015757673497571428,14946,,,,,catalogue,,,,
GDOR,318837103,HD 17163,4.0,0.42357,0.42357,,0.99977338,0.97240841,5.75080013,7071.0,2.3638486340359455,11.19672917290087,0.00024743570649418597,2.8763816620857828e-05,14869,,,,,catalogue,,,,
GDOR,201938583,HIP 13089,2.0,1.087827,1.087827,,0.99861008,0.96328479,8.28120041,7119.0,0.9159912177224663,19.67905829236882,0.0004496512424125604,4.713625792342586e-05,18176,,,,,catalogue,,,,
GDOR,385552619,EPIC 211119678,42.0,1.81273,1.81273,,0.98709768,0.91746449,9.19991016,6541.0,0.5524986267078642,24.161209317342305,0.000706541262070723,8.763565791726651e-05,13080,,,,,catalogue,,,,
GDOR,50133597,EPIC 206268105,42.0,2.473734,2.473734,,0.99252594,0.95418984,6.8888998,6871.89013672,0.5435553130173272,12.264330336754044,0.0002797827500937519,4.170754987609766e-05,9652,,,,,catalogue,,,,
GDOR,332580997,IK Eri,31.0,1.6059773544891487,,,0.97667783,0.9352262,7.77639008,6816.0,0.6226737862801893,7.020340377757074,0.0004834335533814365,5.2282185367887325e-05,16667,,,,,periodogram,,,,
GDOR,257800619,NSV 15244,42.0,0.74488,0.74488,,0.99984574,0.96680278,6.61420012,7119.0,0.9355508274152045,12.13787512725189,0.00025042177083917983,3.1060997881397255e-05,13013,,,,,catalogue,,,,
GDOR,300887138,BU Psc,42.0,0.5432,0.5432,,0.99988675,0.96608114,6.64529991,7251.0,3.007916836329593,11.679544436289426,0.00030196075270663524,3.9995678752365435e-05,11470,,,,,catalogue,,,,
GDOR,265903667,HD 44195,87.0,0.34,0.34,,0.9945122,0.95406091,7.28480005,7136.0,20.478382765366096,44.47948259885179,0.00034715958467363393,3.9308082490913186e-05,15551,,,,,catalogue,,,,
GDOR,441721258,VX UMi,14.0,0.34511,0.34511,,0.99922031,0.97241902,5.87820005,7079.0,2.898499655011598,22.19829877335731,0.0002737880992204617,2.8544382542377414e-05,18399,,,,,catalogue,,,,
GDOR,411890575,Gaia DR3 3394392441637962880,32.0,0.46366,0.46366,,0.99292558,0.93864077,7.80959988,7050.37011719,2.1591439579182676,17.565548580076623,0.0003846567482277655,4.1478603892816746e-05,17277,,,,,catalogue,,,,
GDOR,142319244,IR Dra,14.0,0.4245,0.4245,,0.9998942,0.98283267,4.94220018,7165.0,2.354871182156473,17.333803658722577,0.0002434871366589742,2.5385288815440447e-05,18343,,,,,catalogue,,,,
GDOR,354890869,NSV 24972,27.0,0.599,0.599,,0.99946761,0.95770365,7.24650002,7142.0,1.4176002127437801,15.941312148808183,0.0003715077033696864,4.538688969476165e-05,13466,,,,,catalogue,,,,
GDOR,257323035,FM Psc,42.0,0.6507,0.6507,,0.9994179,0.9566704,7.67368984,7125.0,1.7154259906248943,18.487885788758582,0.0005940136794924694,7.937841684706309e-05,11101,,,,,catalogue,,,,
GDOR,16150993,NGCA-V50,21.0,1.452069,1.452069,,0.99755305,0.95552737,7.73280001,6384.56005859,0.6901685899267016,22.61320241352725,0.00038027975813214573,4.100662091252209e-05,17332,,,,,catalogue,,,,
GDOR,36821337,KU Eri,4.0,2.136,2.136,,0.99852329,0.96030486,7.42904997,6854.0,0.5,22.11961326241378,0.0003881516035690295,4.481988656139281e-05,14812,,,,,catalogue,,,,
GDOR,159880447,Romania V1,16.0,0.323864,0.323864,,0.99978769,0.97261959,5.76200008,7244.0,3.08763011349292,13.010869063021913,0.00017004573259176505,1.9378509710658988e-05,15456,,,,,catalogue,,,,
GDOR,392395781,EPIC 203725441,91.0,1.767185,1.767185,,0.99458736,0.85751688,10.55879974,6624.0,0.5765775671875276,17.041428354337572,0.0015710319996034674,0.00019793142727025234,12103,,,,,catalogue,,,,
GDOR,40479710,CzeV3835,41.0,1.23198,1.23198,,0.94313574,0.88564384,9.41419983,14417.0,0.81592112885512,22.133782046857053,0.0009208118627875014,9.60012730129697e-05,18322,,,,,catalogue,,,,
GDOR,289719518,EP Cet,4.0,0.50038,0.50038,,0.99953568,0.96134979,6.37480021,7077.27978516,1.5464967103139844,16.66734161309379,0.0002403750359171249,2.794303033832652e-05,14808,,,,,catalogue,,,,
GDOR,202180104,V0839 Mon,33.0,0.52718,0.52718,,0.9981221,0.9573952,6.69180012,6912.0,1.8932440498569765,29.853353314304734,0.00023198498651070884,2.4871401193230766e-05,17449,,,,,catalogue,,,,
GDOR,363547543,KV Leo,46.0,0.45286,0.45286,,0.99930155,0.9653402,6.0165,7024.0,2.2124470774345335,30.162257195681274,0.00024067157320100578,2.641713713296299e-05,16937,,,,,catalogue,,,,
GDOR,245234391,HIP 64752,11.0,0.403052,0.403052,,0.99053168,0.93784142,8.28579998,7302.0,2.4845537753787283,26.317757695915105,0.000583279435789084,6.780485713830817e-05,14979,,,,,catalogue,,,,
GDOR,86900019,EPIC 202092556,43.0,0.304014,0.304014,,0.95040786,0.86121333,8.67199039,6252.04980469,0.7563202949948413,3.497803749970834,0.000585599998966754,6.547207026567342e-05,15972,,,,,catalogue,,,,
GDOR,318805118,gam Cet B,4.0,3.2932,3.2932,,0.99986327,0.98492485,3.4934001,8642.66015625,0.6637693934726817,7.77331847594225,0.0002866359201596117,3.4017425262494486e-05,14860,,,,,catalogue,,,,
GDOR,272372503,KIC 7767565,41.0,0.5015,0.5015,,0.93975711,0.89192599,9.06140041,7800.0,1.9893442635895702,11.863292229752984,0.0007196311133934549,7.502672997323829e-05,18322,,,,,catalogue,,,,
GDOR,219234987,gam Dor,3.0,0.757,0.757,,0.99981695,0.98789436,3.95479989,7139.0,1.3088669461051259,17.396086837036503,0.00011558032160360987,1.4335974513839109e-05,12980,,,,,catalogue,,,,
GDOR,91418676,ASAS J025657+1848.5,42.0,1.01077,1.01077,,0.97149432,0.83774519,10.83759975,7082.95019531,0.986386384599903,17.936105037919347,0.0017063335823094595,0.00020394587146443095,14129,,,,,catalogue,,,,
GDOR,358,TIC 358,38.0,2.19,2.19,,0.99112552,0.9296003,9.28882027,6961.0,0.6062124678366254,9.786607043009438,0.0007577242931717056,8.077368105212811e-05,17937,,,,,catalogue,,,,
GDOR,86899750,EPIC 202093185,43.0,1.986411,1.986411,,0.988846,0.91984779,8.71922016,6463.0,0.7067930394194506,4.728451079486796,0.0005545893780847205,6.239617992652072e-05,15901,,,,,catalogue,,,,
GDOR,401819729,CSTAR 097790,27.0,0.521773,0.521773,,0.98613673,0.94635493,9.39050007,6940.0,1.921719084044525,28.00781553893965,0.0007466810870553057,8.454498467028442e-05,15630,,,,,catalogue,,,,
GDOR,45802921,EPIC 202060562,43.0,0.874454,0.874454,,0.99727768,0.83258504,10.21889973,,1.0334045791257083,7.047234407600942,0.00108842660445756,0.00012324004475792788,15637,,,,,catalogue,,,,
GDOR,150164543,TIC 150164543,4.0,0.813962,0.813962,,0.94447285,0.8708266,10.81000042,6945.35009766,1.2242858785365072,10.42425940909066,0.001563630707366472,0.0001842756460750584,14485,,,,,catalogue,,,,
GDOR,27389070,KIC 11920505,14.0,0.8342,0.8342,,0.94177192,0.9129712,9.53369999,7100.0,1.1629382406990096,22.13557773842839,0.0008731247571745741,9.1029548570491e-05,18420,,,,,catalogue,,,,
GDOR,123948059,V0442 CMa,33.0,1.70531,1.70531,,0.98688221,0.93106824,8.19806004,7073.0,0.577451969854152,16.11986534293735,0.0004394602035246964,4.7388212458615473e-05,17361,,,,,catalogue,,,,
GDOR,121546698,KIC 3331147,14.0,0.70077,0.70077,,0.98729825,0.92174572,9.71743965,7121.87011719,1.4087599951276515,19.115587247652847,0.0008369955274988801,0.00010990289703541976,11614,,,,,catalogue,,,,
GDOR,327701133,V0398 Aur,19.0,1.2582,1.2582,,0.99460948,0.97635406,4.64489985,7030.93994141,0.7323997411087607,20.8994536831726,0.00014258088771939006,1.5556850253050107e-05,16717,,,,,catalogue,,,,
GDOR,277234493,V2121 Cyg,14.0,0.799673,0.799673,,0.99646026,0.97127545,5.41130018,7112.0,1.2523141486588523,23.611555622736567,0.00023541050911391696,2.4543242185383027e-05,18375,,,,,catalogue,,,,
GDOR,192732127,V0889 Per,18.0,0.34306,0.34306,,0.97952747,0.95728564,6.67510986,7693.0,2.8861596693613274,20.701578108663142,0.0002320490307766948,2.9957401056723708e-05,14683,,,,,catalogue,,,,
GDOR,166876813,V1026 Cen,99.0,1.18567,1.18567,,0.98000968,0.92334455,8.9350996,7361.0,0.8470148562706434,30.305100293634098,0.0006154700189521374,7.35627374839176e-05,14077,,,,,catalogue,,,,
GDOR,18517778,V2666 Oph,80.0,0.61439,0.61439,,0.99490517,0.96731424,5.56949997,6843.77978516,1.6797213407922453,8.991504429030423,0.00015342679133714394,1.9974466879464873e-05,11790,,,,,catalogue,,,,
GDOR,346487120,V0441 CMa,33.0,1.93137,1.93137,,0.94859344,0.911066,8.61155033,7187.0,0.5464417211489985,26.80438569536689,0.0007063059708355184,7.70642994084056e-05,17457,,,,,catalogue,,,,
GDOR,440813098,VSSP J130649.76-620640.2,11.0,0.45498,0.45498,,0.94714087,0.89741266,8.20400047,6009.0,2.1894118945158536,18.687529000360204,0.00048057750881907145,5.663660256195055e-05,14412,,,,,catalogue,,,,
GDOR,122137266,KIC 5954264,40.0,0.54348,0.54348,,0.98944384,0.93519413,7.85386992,6960.37011719,1.8404091175681927,30.67405166294358,0.00040797410607847746,4.1211608136658756e-05,19605,,,,,catalogue,,,,
GDOR,180568795,NSV 19641,22.0,0.69004,0.69004,,0.99996066,0.97684735,5.61929989,7123.0,1.130169027946414,20.02723801606835,0.00021905909641530837,2.3901306928375717e-05,16765,,,,,catalogue,,,,
GDOR,310059437,TIC 310059437,24.0,0.828,0.828,,0.9879272,0.93981951,9.61513042,7049.0,1.2098372871080028,14.116242812149322,0.000902743050374555,0.0001009297413426511,16066,,,,,catalogue,,,,
GDOR,227093327,V1709 Aql,80.0,0.786699,0.786699,,0.99087769,0.91671604,7.05670023,7003.0,1.2713418014369915,20.618622056069526,0.00036523302355553634,4.676329678450877e-05,12177,,,,,catalogue,,,,
GDOR,45709015,EPIC 202060179,43.0,1.84942,1.84942,,0.86203861,0.83947921,9.79269981,,0.5332992392153262,16.464132407442506,0.0010466435145141699,0.00011775659547625838,15729,,,,,catalogue,,,,
GDOR,440695721,HAT 260-0000778,42.0,2.12103871,2.12103871,,0.98578244,0.90875626,9.72134972,5935.85986328,0.5262972430987825,19.9354847044689,0.000962313883952376,0.000120289235494047,13010,,,,,catalogue,,,,
GDOR,147558148,LS UMa,20.0,1.10314,1.10314,,0.99790949,0.96230125,7.82600021,7195.0,0.8951854314327625,15.028438055632634,0.0003998654686479273,4.262580218080499e-05,17624,,,,,catalogue,,,,
GDOR,34199096,HD 25648,5.0,0.75855,0.75855,,0.99958366,0.95724618,7.57043982,7470.0,1.3158537409437354,35.6881120845629,0.00031965952074527597,3.427109790712525e-05,17362,,,,,catalogue,,,,
GDOR,401399645,HD 111338,37.0,0.62157,0.62157,,0.99623221,0.93715006,9.09689999,7100.0,1.6084695117671801,32.96858990909766,0.0006578312236451702,7.595980681057597e-05,14877,,,,,catalogue,,,,
GDOR,384957100,V0372 Peg,55.0,2.594821,2.594821,,0.9996587,0.97121143,5.83949995,6900.18994141,0.5,16.787790123318793,0.00023071689152682836,2.839928617215428e-05,13402,,,,,catalogue,,,,
GDOR,363496775,EPIC 201733406,45.0,2.351181,2.351181,,0.99979132,0.93515915,7.59009981,6295.66992188,2.6242836098438715,3.1194090351617723,0.00035678891563612554,3.892886221485139e-05,16201,,,,,catalogue,,,,
GDOR,220100344,HD 121698,37.0,1.81884,1.81884,,0.98328567,0.93441671,9.33880043,7147.0,0.5493875110231625,33.50943018698226,0.0007554009168861911,8.553231097620047e-05,15604,,,,,catalogue,,,,
GDOR,411414794,V0643 Peg,56.0,0.75574,0.75574,,0.99553573,0.96846789,6.0999999,7024.10009766,1.3608236953657,17.520951086606125,0.0002647634453514395,2.7235924376821574e-05,18791,,,,,catalogue,,,,
GDOR,440851537,lam Gem,44.0,0.78132,0.78132,,0.99161893,0.98649663,3.47169995,8081.62011719,1.2933580329433454,9.069283649913654,5.563491462759444e-05,6.181657180843827e-06,15792,,,,,catalogue,,,,
GDOR,371222397,Gaia DR3 2219695109246358272,16.0,0.443027,0.443027,,0.95456499,0.89957404,9.95713997,7213.0,2.260909802156248,23.722976328892226,0.0010907743921719458,0.00012945110418572143,14393,,,,,catalogue,,,,
GDOR,328420516,HD 62196,20.0,0.99305,0.99305,,0.99412096,0.95730621,7.3203001,6889.0,0.7963731010486856,3.6361452037703166,0.00028294562740006446,3.068976224484145e-05,16536,,,,,catalogue,,,,
GDOR,232040962,NSV 2976,98.0,1.91975,1.91975,,0.9877702,0.92847639,9.47859955,7739.0,0.5209157098756747,44.401854560319414,0.0007621592235892057,6.307674614950354e-05,29157,,,,,catalogue,,,,
GDOR,245368902,V0342 Peg,56.0,0.504918,0.504918,,0.98700702,0.96183801,5.70510006,7204.58007813,1.97772785189752,19.277873782656556,0.0002589991425646897,2.8428849221577475e-05,16640,,,,,catalogue,,,,
GDOR,142259571,NSV 18026,47.0,0.524721,0.524721,,0.99676192,0.94300002,8.56431007,7252.0,1.9028784127628882,21.87327229345093,0.0005145795867470245,5.682580905143779e-05,16492,,,,,catalogue,,,,
GDOR,220377891,2MASS J21090069-5819577,27.0,1.06431,1.06431,,0.98420441,0.94728982,8.62590027,6983.0,0.9350927118495947,20.765404565901036,0.0005918294386561792,6.457388574155155e-05,16781,,,,,catalogue,,,,
GDOR,282038438,NSV 11323,26.0,3.826,3.826,,0.99812829,0.9844228,3.77539992,6330.0,0.6849835011663711,7.7836637414227114,8.454389042625974e-05,9.33631084007647e-06,16934,,,,,catalogue,,,,
GDOR,336123628,eps 1 Lyr B,14.0,0.415,0.415,,0.67413694,0.9762044,4.91860008,7441.66015625,2.40692071812191,12.865735803630834,0.0001399210142920684,1.4587774154691113e-05,18352,,,,,catalogue,,,,
GDOR,284593213,DD CVn,22.0,0.754307,0.754307,,0.99952418,0.96912432,6.75409985,6826.0,1.4000458023955757,20.230164059315033,0.00030260284217692305,3.2725775397432205e-05,17089,,,,,catalogue,,,,
GDOR,48881783,V0350 CMa,6.0,0.91401,0.91401,,0.84547001,0.97007042,5.9295001,7026.35009766,1.2899889385013124,21.015351282805405,0.00021032545514253963,2.461673255443114e-05,14603,,,,,catalogue,,,,
GDOR,139361417,EF Lyn,47.0,0.407096,0.407096,,0.98896062,0.9576484,6.83319998,6959.0,2.4435036906136816,25.729873081459356,0.00029040843931027715,3.1686158466507956e-05,16832,,,,,catalogue,,,,
GDOR,235568144,HD 139478,16.0,0.68823,0.68823,,0.99985975,0.96400028,6.38509989,7184.0,1.412782768795017,14.448733250361787,0.000271312274866254,3.072006579125854e-05,15459,,,,,catalogue,,,,
GDOR,86274156,LU UMa,20.0,1.1156,1.1156,,0.99851024,0.9580847,8.15320015,7160.0,0.8951797687146366,15.179361152715948,0.0005033881356656012,5.3661355564410685e-05,17629,,,,,catalogue,,,,
RR,23532972,IO Lyr,40.0,0.57712278,0.57712278,,0.8972798,0.81831819,11.43019962,6420.0,1.7341136059348294,19.50288100507637,0.003237019283209002,0.0003788644504027779,14706,,,,,catalogue,,,,
RR,179000100,AU Vir,46.0,0.3432307,0.3432307,,0.99720746,0.7608099,11.33780003,7566.0,2.91134259783908,43.00439395519162,0.0034572481180875038,0.0003794822812826244,16622,,,,,catalogue,,,,
RR,32398153,SV Scl,30.0,0.377364,0.377364,,0.98140597,0.86536443,11.16119957,7308.0,2.652373576022529,43.620422132240705,0.0026567763215234,0.0002916190868901476,16610,,,,,catalogue,,,,
RR,393702163,BC Vir,23.0,0.564537,0.564537,,0.99467987,0.77656174,11.83049965,6399.79980469,1.7723438603210826,20.27699917390625,0.003913106248188396,0.00048167008245005244,13227,,,,,catalogue,,,,
RR,234507163,AE Tuc,28.0,0.4145285,0.4145285,,0.99740112,0.7596851,11.98410034,6273.75976563,2.41100558536815,24.73612194016438,0.0038741827822022967,0.0004443992430638173,15141,,,,,catalogue,,,,
RR,170804079,ASAS J043917-3251.8,31.0,0.286085,0.286085,,0.99813896,0.89652526,11.0564003,7589.0,3.496506610908658,43.09090396006173,0.0027619105880645127,0.00030134915077394353,16735,,,,,catalogue,,,,
RR,262279707,VW Equ,55.0,0.2914454,0.2914454,,0.9896642,0.77678323,11.00759983,7240.0,3.430523565484629,32.46338133594128,0.002697884240187743,0.0003320865936143535,13176,,,,,catalogue,,,,
RR,441619744,UY Cam,20.0,0.26704234,0.26704234,,0.97165906,0.80285418,11.3295002,7673.0,3.7449312015935616,46.83054319619891,0.002802866341548551,0.00030952480748102853,16352,,,,,catalogue,,,,
RR,406728249,XZ Aps,39.0,0.5872677,0.5872677,,0.83013386,0.63606334,11.93719959,6458.0,1.7023301629136363,28.744581266541385,0.0042723812473297075,0.0004337945915465007,19320,,,,,catalogue,,,,
RR,55268447,AQ Cnc,45.0,0.5485176,0.5485176,,0.86691076,0.73827255,11.77219963,6332.0,1.8244650495198051,25.424219107857372,0.0043010729030344965,0.0004778969892260552,16202,,,,,catalogue,,,,
RR,337274166,WY Pav,13.0,0.5885721,0.5885721,,0.8910293,0.81732464,11.59259987,6470.0,1.6956828405670927,32.90236276991912,0.0030742805966985326,0.00031214590144025496,19437,,,,,catalogue,,,,
RR,238870487,BB Hyi,27.0,0.287131,0.287131,,0.99285895,0.83469182,11.81480026,6731.97021484,3.4799615511164363,45.99935528915243,0.003587991156879387,0.00039148193021980873,16781,,,,,catalogue,,,,
RR,398265069,V0447 Dra,40.0,0.32827,0.32827,,0.99328548,0.84080315,11.25640011,6598.0,3.0461847115787837,51.45660356858965,0.0025799625406972525,0.0002606155725334716,19608,,,,,catalogue,,,,
RR,374794020,CK Del,54.0,0.4427927,0.4427927,,0.91365999,0.74571824,11.95849991,6367.0,2.261460810775543,26.84865626216497,0.005187352418177881,0.0005498582566114419,17820,,,,,catalogue,,,,
RR,467176582,OZ UMa,47.0,0.34528,0.34528,,0.99776918,0.86588955,11.02159977,7052.0,2.8939435718119837,41.09259563923344,0.002434050701873507,0.0002687959335514427,16475,,,,,catalogue,,,,
RR,173105394,RZ CVn,23.0,0.5674325,0.5674325,,0.99689412,0.82461798,11.34659958,6459.12011719,1.7630198361121237,20.022487343936668,0.0029054629011462238,0.0003576377604872263,13288,,,,,catalogue,,,,
RR,27488257,SW Boo,50.0,0.5135281,0.5135281,,0.99621719,0.73711181,12.14640045,6765.0,1.948385229932112,15.4059891915108,0.004425331996759212,0.0006258364527820487,10044,,,,,catalogue,,,,
RR,47291018,DH Hya,35.0,0.4890007,0.4890007,,0.96952778,0.85116774,11.87790012,6258.97998047,2.045184115778349,20.800051710475348,0.0039006488372939595,0.00047302315190016794,13493,,,,,catalogue,,,,
RR,114923989,RX Eri,5.0,0.58724608,0.58724608,,0.99567604,0.92102474,9.2979002,6443.0,1.705050582267495,27.17354356881406,0.001205177828452351,0.0001292086256592359,17279,,,,,catalogue,,,,
RR,264584937,AT Ser,51.0,0.746566,0.746566,,0.99620414,0.87808919,11.10060024,6591.0,1.337259733061586,11.799607015940754,0.002208146483172688,0.00037869399765152263,6791,,,,,catalogue,,,,
RR,271404999,V4424 Sgr,27.0,0.4245034,0.4245034,,0.9962976,0.89541399,9.77960014,6240.0,2.35531468363253,33.5605920389503,0.0014536919290581843,0.00015861079290608346,16781,,,,,catalogue,,,,
RR,264895898,DX Cep,52.0,0.52604167,0.52604167,,0.99510002,0.76997107,11.64309978,6221.0,1.8993349945209574,26.84107627808282,0.003965966034057869,0.00043272237034985703,16692,,,,,catalogue,,,,
RR,15644915,Gaia DR3 5951695336375324288,39.0,0.78959,0.78959,,0.35266569,0.60041714,11.25450039,6616.0,1.2688166020132063,29.405755089052473,0.005097607682735183,0.0005285972925683085,18160,,,,,catalogue,,,,
RR,340359630,NSV 3704,27.0,0.5543647,0.5543647,,0.79708493,0.84933567,11.77250004,6266.0,1.799713627482809,19.280535722500208,0.003842680633221596,0.0005229225997704371,10650,,,,,catalogue,,,,
RR,236392102,RV CrB,24.0,0.33169,0.33169,,0.99700314,0.8543151,11.14970016,6653.12988281,3.0146138342596167,34.63069677899452,0.0028222509895755887,0.0003175280441747993,15705,,,,,catalogue,,,,
RR,383712761,Y Oct,27.0,0.646586,0.646586,,0.98325628,0.794397,11.8494997,6571.0,1.548501691317047,21.930351061625444,0.0035537481263664757,0.0004076428672007494,15211,,,,,catalogue,,,,
RR,207318741,V0459 Nor,39.0,0.37537,0.37537,,0.64194554,0.73050904,11.39949989,6979.0,2.661341388055402,51.52619391032356,0.0037045730951612626,0.000376142408562917,19335,,,,,catalogue,,,,
RR,12543007,WISE J192307.1-175954,92.0,0.6586305,0.6586305,,0.6686902,0.61300159,12.83950043,6360.0,1.5228697335751642,25.245145162096712,0.00674520657535094,0.0007841143372238305,14887,,,,,catalogue,,,,
RR,425863844,RV Phe,1.0,0.5964071,0.5964071,,0.99484318,0.82272476,11.59609985,6471.0,1.676484815998994,27.672643338922573,0.0031606948462684532,0.00032952521694144127,18276,,,,,catalogue,,,,
RR,33740419,V0399 CMa,33.0,0.320102,0.320102,,0.94761217,0.74758178,11.52770042,6750.0,3.124255877670472,47.09450740408042,0.003232159903694129,0.00034652391473505957,17456,,,,,catalogue,,,,
RR,302515557,TY Cet,4.0,0.32368,0.32368,,0.99911368,0.861013,11.36390018,7193.0,3.0859860458750807,34.79067893894788,0.002869763110168429,0.0003336031853111988,14802,,,,,catalogue,,,,
RR,321846217,ROTSE1 J181948.68+405452.9,26.0,0.246108,0.246108,,0.97503382,0.90104026,10.7585001,4834.0,8.124623495721817,33.33358618485591,0.0016728494463885222,0.00018144599813337383,16939,,,,,catalogue,,,,
RR,214912448,XZ Gru,28.0,0.8831035,0.8831035,,0.99919212,0.91018659,10.29930019,6468.0,1.1367184819012972,22.290847259757744,0.0012987968594880294,0.00016363302351414413,12582,,,,,catalogue,,,,
RR,317956051,TZ Aqr,42.0,0.5711943,0.5711943,,0.98629272,0.80502176,11.74800014,6511.0,1.7487022810497626,15.830472042069971,0.0031241026704575342,0.00045092537944117154,9595,,,,,catalogue,,,,
RR,282851569,TV CrB,51.0,0.5846169,0.5846169,,0.90968734,0.7941798,11.6633997,6669.0,1.7124173143415025,12.425349633740401,0.0035006273412722675,0.0005678767421503901,7684,,,,,catalogue,,,,
RR,424721218,V0939 Cyg,14.0,0.387544,0.387544,,0.88375276,0.81552112,11.63560009,7165.0,2.5783011127252293,44.96561542845642,0.0036887196955562584,0.00038457561296985224,18421,,,,,catalogue,,,,
RR,22846570,FO CVn,49.0,0.28447903,0.28447903,,0.9988454,0.88980246,10.50650024,6699.0,3.5190473678434784,36.00820706628524,0.0014972112634687124,0.0001857062016883152,13084,,,,,catalogue,,,,
RR,300153507,V6548 Sgr,27.0,0.7392014,0.7392014,,0.90924478,0.73726583,10.96010017,5876.5,1.3555686419461916,22.70139322581128,0.0022415140743837795,0.0002538014908136634,15596,,,,,catalogue,,,,
RR,299893237,V0796 Sgr,27.0,0.6255233,0.6255233,,0.96629649,0.73511881,11.65709972,6597.0,1.5973898719091697,21.39424315744484,0.0030268178344586612,0.0003697846530035697,13475,,,,,catalogue,,,,
RR,49417864,SS Leo,45.0,0.6263351,0.6263351,,0.98382533,0.77020824,11.34070015,,1.5953372557719048,22.413942458711958,0.002352778664626187,0.0002614198516251319,16137,,,,,catalogue,,,,
RR,234518883,W Tuc,1.0,0.6422382,0.6422382,,0.9867425,0.87697375,11.23719978,6041.79980469,1.5544869055523136,22.754150668120893,0.0024385131607506916,0.00025994637635731564,17458,,,,,catalogue,,,,
RR,351126671,BP Pav,13.0,0.5271304,0.5271304,,0.86109495,0.69018549,12.20289993,6433.0,1.8996889068347205,27.186994912411635,0.005557230798258911,0.0005793813618394434,18395,,,,,catalogue,,,,
RR,201252114,AO Tuc,28.0,0.3332332,0.3332332,,0.9985401,0.86595225,10.94859982,7367.0,2.9992783128489875,34.75565393745204,0.002452093540918157,0.0003139584062827678,12189,,,,,catalogue,,,,
RR,126321357,LQ Cnc,44.0,0.337429,0.337429,,0.99257886,0.79377753,11.63189983,6674.04003906,2.967620524715292,39.336493705051744,0.003122636785339161,0.0003605710377193984,15139,,,,,catalogue,,,,
RR,144203939,V0858 Aur,20.0,0.671873,0.671873,,0.97181195,0.80231035,11.38000011,6443.77001953,1.4879836176454104,24.01545001611242,0.002683707734240671,0.0002945751934775358,16502,,,,,catalogue,,,,
RR,336410894,EZ Lyr,26.0,0.52526769,0.52526769,,0.36671478,0.83782339,11.36009979,6492.0,1.9074852987653181,26.663659424427543,0.007557874206597714,0.0008197665558865274,16938,,,,,catalogue,,,,
RR,168276785,WY Ant,9.0,0.5743427,0.5743427,,0.98634267,0.88519222,10.45930004,6765.0,1.7381607665001793,24.600433271146528,0.001950262084047542,0.0002208236968330009,15611,,,,,catalogue,,,,
RR,397615363,AV Vir,50.0,0.6569073,0.6569073,,0.99940473,0.79354525,11.44909954,6224.08007813,1.5214438111425233,15.897033292377971,0.0025441661004518366,0.00034621715372185833,10716,,,,,catalogue,,,,
RR,365837055,ASAS J182121-6100.6,39.0,0.5945409,0.5945409,,0.94733822,0.85760659,10.98670006,6294.0,1.6808925906423235,31.09027104500074,0.0023508196686799683,0.0002386895735514891,19333,,,,,catalogue,,,,
RR,57110163,AG Her,51.0,0.6494465,0.6494465,,0.99097222,0.77153265,12.40849972,6648.0,1.5377942990421751,16.68656386845257,0.004930366612451059,0.0006530430110384596,11348,,,,,catalogue,,,,
RR,416535516,KT UMa,48.0,0.6273,0.6273,,0.9982487,0.85526776,10.95510006,6632.08984375,1.5941710409266925,24.655055821435592,0.0019715179962410696,0.00022614862397333217,15074,,,,,catalogue,,,,
RR,233652708,DG Boo,50.0,0.4586659,0.4586659,,0.67799634,0.59159535,12.20890045,6450.0,2.177071074013956,18.69796590683401,0.007065783670426093,0.0008902050671299338,12422,,,,,catalogue,,,,
RR,161888379,ASAS J160612-4319.2,39.0,0.356946,0.356946,,0.95244402,0.82114339,10.44419956,7038.0,2.8017582254559956,42.7619857724821,0.0026392151181382547,0.00028459388526928835,17941,,,,,catalogue,,,,
RR,299891213,V1643 Sgr,27.0,0.33956,0.33956,,0.95913494,0.80003679,11.8423996,7149.0,2.9466407096090723,37.58243341269481,0.0034177696842997655,0.00041446545330593704,13475,,,,,catalogue,,,,
RR,371815044,BX Leo,49.0,0.36286,0.36286,,0.9992336,0.77218717,11.30920029,7282.0,2.7592062818579652,34.182972555245264,0.0028031671243557744,0.0003476900902786632,12963,,,,,catalogue,,,,
RR,294832702,EX Aps,39.0,0.4718002,0.4718002,,0.91008484,0.71006447,11.92650032,6738.0,2.117396360812352,29.236342359062448,0.004174806152317995,0.00042388734169323156,19223,,,,,catalogue,,,,
RR,66751677,ASAS J155939-2701.8,38.0,0.5904366,0.5904366,,0.98819435,0.83420801,10.84360027,6395.0,1.6917526751514285,26.67289782860576,0.002360620578571599,0.00024883125732502406,17971,,,,,catalogue,,,,
RR,68899597,GY Her,51.0,0.52353425,0.52353425,,0.92211211,0.68274456,12.44390011,6720.0,1.9079186452413532,17.82182618527673,0.005107046300345945,0.0006824577683673548,11231,,,,,catalogue,,,,
RR,368112224,VW CVn,50.0,0.4249786,0.4249786,,0.98755467,0.84251678,11.50699997,7005.0,2.352336211774987,23.249815086160552,0.002812672634030225,0.0004018103762900321,9951,,,,,catalogue,,,,
RR,443726848,AP Ser,51.0,0.34078,0.34078,,0.9411307,0.86649013,10.84729958,7078.0,2.932959420103481,19.13015816169353,0.0024690176356505634,0.0004173401519539632,7071,,,,,catalogue,,,,
RR,82309314,RX Leo,49.0,0.6534122,0.6534122,,0.9986428,0.79939324,11.48579979,6550.0,1.531818560085986,20.14506675712283,0.0027260779638787883,0.00034075974548484854,12872,,,,,catalogue,,,,
RR,342004873,NSV 3935,35.0,0.273681,0.273681,,0.93932027,0.85089999,11.51970005,7458.0,3.65023805119663,33.929860534355285,0.003409665809528681,0.00041348271413952644,13662,,,,,catalogue,,,,
RR,408443599,V0618 Peg,42.0,0.5623915,0.5623915,,0.97130746,0.76932621,11.65559959,6332.0,1.7762093762783167,17.304266273455436,0.0037358022473759278,0.0005037354722741442,11048,,,,,catalogue,,,,
RR,67473852,KX Leo,45.0,0.34565,0.34565,,0.99705201,0.77327919,11.71210003,7164.0,2.8894056557699344,42.50204742831768,0.0032826727921722166,0.0003647414213524685,16192,,,,,catalogue,,,,
RR,301158182,RW TrA,39.0,0.3740396,0.3740396,,0.83256441,0.78873813,10.93350029,6515.0,2.6756302111889774,38.341552689463114,0.0032487563049619383,0.00032986122556967706,19329,,,,,catalogue,,,,
RR,180952390,ASASSN-V J191027.88+020732.3,54.0,0.216239,0.216239,,0.65410823,0.56677568,11.11320019,10126.0,6.630679284991075,19.40987208403087,0.00345884192949852,0.0004992408297700838,9604,,,,,catalogue,,,,
RR,389869955,NSV 2718,28.0,0.321776,0.321776,,0.92767978,0.82941598,11.76179981,8708.0,3.1083579654268636,41.859716555027155,0.0032949508382436785,0.0003883136802330674,14339,,,,,catalogue,,,,
RR,207463256,VZ Dra,49.0,0.321017,0.321017,,0.93625885,0.76571202,12.49549961,7325.0,3.117236588565132,32.48954986071837,0.005075783267533265,0.0006110524987404652,13814,,,,,catalogue,,,,
RR,371759888,BT Peg,55.0,0.5567689,0.5567689,,0.66818041,0.81981772,11.72869968,6414.0,1.795952958179031,29.10738605979639,0.0037638456038180633,0.00038821103234157073,18743,,,,,catalogue,,,,
RR,129081118,V0511 Tel,27.0,0.51024,0.51024,,0.99357635,0.88389266,10.21310043,6133.0,1.957301016902191,24.84797731575247,0.0015440832349314733,0.00019934028846825568,12034,,,,,catalogue,,,,
RR,323282620,SX For,4.0,0.6053423,0.6053423,,0.99869871,0.88545096,10.76039982,6450.0,1.6557785967706637,20.421197191803156,0.0019243815835761511,0.00022523182818485915,14529,,,,,catalogue,,,,
RR,149398996,RW Cnc,48.0,0.547199,0.547199,,0.9923256,0.79085523,11.5539999,6606.29980469,1.824502688646131,25.76899444977437,0.0028297347248906037,0.000324592834284895,15026,,,,,catalogue,,,,
RR,151828882,V0590 Cen,36.0,0.5310363,0.5310363,,0.95696491,0.77342653,11.80389977,6278.0,1.8799374375705509,25.003723663825504,0.0034732661702647637,0.0003932699518062145,15426,,,,,catalogue,,,,
RR,157446808,V1283 Her,25.0,0.272666,0.272666,,0.98723978,0.90583897,10.24040031,7559.0,3.6629119968455717,49.9194687155452,0.0022689096769562558,0.00024466282261431064,17246,,,,,catalogue,,,,
RR,375822497,V0341 Aql,54.0,0.578023,0.578023,,0.96564591,0.85198385,10.58240032,6504.0,1.727620038040648,12.460775568194009,0.00232026672907664,0.0003538373589744966,8555,,,,,catalogue,,,,
RR,111716252,BO Aqr,42.0,0.6940325,0.6940325,,0.99393219,0.76389593,11.82670021,6527.0,1.4416372405009406,14.08041917477417,0.00331516772161985,0.0004835669115281739,9417,,,,,catalogue,,,,
RR,415738730,DH Peg,55.0,0.2555104,0.2555104,,0.99790859,0.93877095,9.22999954,7278.33007813,3.916411853596802,32.86963225331737,0.0023734609549690595,0.00027971505602335353,14352,,,,,catalogue,,,,
RR,229605238,BC Dra,40.0,0.719576,0.719576,,0.99909091,0.84372818,11.12460041,6326.0,1.3865195633934038,31.119128853481538,0.002014848269760786,0.0002035304106585477,19611,,,,,catalogue,,,,
RR,39084536,X LMi,48.0,0.6843086,0.6843086,,0.99347371,0.80888653,12.05389977,6496.0,1.4596447868522322,20.555789733440207,0.003514464022211839,0.00040051034591791896,15326,,,,,catalogue,,,,
RR,387498678,SW Aqr,55.0,0.4593047,0.4593047,,0.99147856,0.81447798,10.89830017,,2.1788005134200135,18.931168628129562,0.002946276815025601,0.00035469004780368,13906,,,,,catalogue,,,,
RR,101184036,WZ Hya,9.0,0.5377182,0.5377182,,0.99948418,0.9077388,10.5241003,6654.0,1.8600901112090313,24.936483114186366,0.001968052082942117,0.00022428034987467482,15406,,,,,catalogue,,,,
RR,248097218,AA Aql,54.0,0.3617877,0.3617877,,0.88594139,0.77312654,11.63980007,6550.0,2.7646132637685983,16.678812980792486,0.004457246551937558,0.0006367495074196511,9808,,,,,catalogue,,,,
RR,233066920,V0394 Dra,40.0,0.57927,0.57927,,0.99016273,0.87345374,11.84589958,6634.0,1.7269542652562588,32.92584876189932,0.0039355155701794675,0.0003975471067341634,19611,,,,,catalogue,,,,
RR,39140880,MO UMa,48.0,0.31802,0.31802,,0.9919371,0.87360102,11.30420017,7205.0,3.1437273881805528,40.87023673939827,0.002639674527916379,0.0003008188308671732,15310,,,,,catalogue,,,,
RR,103024917,V0487 Sco,39.0,0.32912655,0.32912655,,0.69390321,0.70099717,10.75990009,7303.0,3.0378348433400153,46.85339926895102,0.0036381319242460887,0.0003793014732232556,18428,,,,,catalogue,,,,
RR,374910314,ASAS J055509-6258.5,27.0,0.374512,0.374512,,0.79974335,0.89113057,10.66989994,6398.10986328,2.667258850808116,43.86940523005114,0.002420646113628473,0.00026411414396197984,16781,,,,,catalogue,,,,
RR,398328564,ASAS J120809-2236.7,36.0,0.5482539,0.5482539,,0.85892308,0.79997826,11.70409966,6499.0,1.8224569079609851,28.78317470482702,0.0031621068031176375,0.00035803809126824874,15492,,,,,catalogue,,,,
RR,340843996,ASAS J193206-7227.3,27.0,0.31275,0.31275,,0.99620873,0.83249766,11.51729965,7507.0,3.201191160310587,39.73746349025107,0.002562980734765833,0.0002999742054385748,14568,,,,,catalogue,,,,
RR,367316610,BH Aur,43.0,0.45609,0.45609,,0.97875494,0.82522374,11.05500031,6514.68994141,2.196286365440171,26.67075854158761,0.0022726496693166896,0.0002525166299240766,16126,,,,,catalogue,,,,
RR,233539736,DD Dra,14.0,0.326835,0.326835,,0.99379534,0.8852641,10.48069954,7388.0,3.062381284146179,29.736876421367498,0.00254740624652442,0.0003066716741438596,13823,,,,,catalogue,,,,
RR,383554625,RV Oct,13.0,0.57117,0.57117,,0.93427294,0.89234304,10.57330036,6728.0,1.7520114545260776,27.96111410376843,0.002232957162460036,0.00023031194593470293,19160,,,,,catalogue,,,,
RR,236438635,UY Cyg,41.0,0.5607075,0.5607075,,0.90351564,0.83657497,10.68080044,6500.0,1.7862312721458746,29.313703094063815,0.0021432276488952758,0.0002234469287001602,18262,,,,,catalogue,,,,
RR,39999072,BN Aqr,42.0,0.4696822,0.4696822,,0.98700148,0.77504581,12.17399979,6955.0,2.1289526199618933,16.183794703265583,0.005185580605222522,0.0007484740895824314,9589,,,,,catalogue,,,,
RR,21027962,WISE J181234.3+502744,40.0,0.3475406,0.3475406,,0.98485082,0.95389593,8.98305035,6841.0,2.8758983814917487,47.290204249410145,0.0008484429227787123,8.57056777352231e-05,19608,,,,,catalogue,,,,
RR,111443222,BN Vul,40.0,0.5941318,0.5941318,,0.84638095,0.70239061,10.14750004,6318.0,1.6843808480000988,29.058589310039288,0.0021924525209180506,0.00022147114928152778,19552,,,,,catalogue,,,,
RR,229536143,OW Dra,41.0,0.33297,0.33297,,0.99910569,0.90737301,9.97920036,6603.85009766,3.0048096656243706,48.97113009116536,0.0020940227088551418,0.00021831695907956918,18321,,,,,catalogue,,,,
RR,176762992,V2765 Ori,33.0,0.37441,0.37441,,0.98097271,0.8266989,11.51340008,6510.0,2.6675487058729592,44.358594141708004,0.0028724650131344972,0.0003079605746464505,17456,,,,,catalogue,,,,
RR,249925739,BEST F2_09401,58.0,0.33365,0.33365,,0.96934414,0.82616252,11.2784996,5640.91992188,1.993603894400318,37.55598418447992,0.00195414855269391,0.00020049141118224867,18992,,,,,catalogue,,,,
RR,417837450,QW UMa,40.0,0.29849,0.29849,,0.99483252,0.82739526,10.67959976,7283.0,3.351115709392247,35.62009685407838,0.0026414998433193274,0.00030501412912095356,15068,,,,,catalogue,,,,
RR,14432447,EX UMa,47.0,0.54281,0.54281,,0.96986705,0.85763097,10.66969967,6413.0,1.8439534088530283,29.488570651301632,0.0018504409034269512,0.00020434701287675594,16480,,,,,catalogue,,,,
RR,175263505,EF Cnc,44.0,0.2957796,0.2957796,,0.9728691,0.70952684,11.4751997,6829.20996094,3.382873583993147,38.358466669285775,0.0032453100262527144,0.00037226259065512924,15270,,,,,catalogue,,,,
ELL,274120769,KID 07060333,14.0,2.527377,2.527377,,0.6822117,0.93184078,8.85400009,8200.0,0.7905009758031106,32.79001672984043,0.0007009854055912089,7.348323714446281e-05,18419,,,,,catalogue,,,,
ELL,305090822,V1048 Ara,39.0,11.47354730482658,31.391,,0.9965961,0.9354232,8.39239979,6545.0,0.08715700327302697,19.26161765037067,0.0005588584170014507,6.134268058117401e-05,19334,,,,,periodogram,,,,
ELL,458202449,V0514 Car,10.0,2.90457,2.90457,,0.98626477,0.96262807,6.02839994,,0.6902037508106318,31.59992601257168,0.0002933938144807471,3.22041549320317e-05,16337,,,,,catalogue,,,,
ELL,351055073,KID 02162283,14.0,0.906826,0.906826,,0.93976122,0.91502291,9.22006035,7179.33007813,2.2057805581952667,23.581918375359578,0.0007752000229405802,0.00010359046043081967,11296,,,,,catalogue,,,,
ELL,116211791,V1123 Per,18.0,1.12662,1.12662,,0.98908544,0.94509035,8.81882954,6584.0,1.7646466206630098,19.75847113085951,0.0006399619688918486,7.490188300099638e-05,14734,,,,,catalogue,,,,
ELL,373139866,d Tau,5.0,3.5712,3.5712,,0.99256349,0.97868323,3.94569993,,0.5621524595611795,45.93773335216074,9.91259941174896e-05,1.062742208216181e-05,17261,,,,,catalogue,,,,
ELL,233661535,HD 150230,66.0,1.16155,1.16155,,0.39227599,0.77300125,9.59710026,,1.7201478691578294,19.12854108085229,0.0017328569626537265,0.00019496164027171266,15713,,,,,catalogue,,,,
ELL,458856474,V0560 Car,36.0,6.0803,6.0803,,0.75713259,0.87654817,5.66599989,,0.9828822301927707,8.4624087617565,0.000421340246895324,4.517241601281281e-05,16346,,,,,catalogue,,,,
ELL,210636260,NSV 20055,11.0,0.868752,0.868752,,0.99008214,0.92646432,7.57849979,8084.0,2.2994878679465405,33.364647366034056,0.0005926375302602138,6.843188752552188e-05,15406,,,,,catalogue,,,,
ELL,169468632,V0945 Cen,11.0,0.6495929,0.6495929,,0.99903095,0.97655445,5.26669979,11722.0,3.0815436165822803,34.62614767453126,0.0001411612775570728,1.6409665198070605e-05,14966,,,,,catalogue,,,,
ELL,151587650,SZ Pic,5.0,4.95,4.95,,0.99982023,0.96720618,7.11390018,5089.0,0.5389141874067439,15.548936403397004,0.00030227125927529335,3.2222224505602494e-05,17261,,,,,catalogue,,,,
ELL,468738412,HD 7926,18.0,2.75889,2.75889,,0.99498117,0.96314812,6.91085005,7357.0,0.7201041047132177,33.28808195228189,0.0002532781972785771,2.8678108602807708e-05,15128,,,,,catalogue,,,,
ELL,334297172,NGCA-V23,21.0,0.4817,0.4817,,0.99997926,0.98629731,4.47149992,8892.0,4.14958800337039,40.68325952237255,8.780311386332945e-05,9.104758772318797e-06,18647,,,,,catalogue,,,,
ELL,353871287,MNIC V126,14.0,3.17462,3.17462,,0.99820185,0.96747184,7.4265399,6169.75,0.6266308832874199,33.56269683743427,0.00034985411646155847,4.2117486265792765e-05,14276,,,,,catalogue,,,,
ELL,54353261,ASAS J104625-3319.5,63.0,11.199,11.199,,0.99735159,0.95270598,8.0909996,6806.0,1.4875459052352462,6.4302015698227795,0.0006638045130426661,7.375605700474068e-05,18357,,,,,catalogue,,,,
ELL,137759412,KID 05879187,41.0,2.764373,2.764373,,0.93490243,0.78889608,11.22420025,7546.0,0.7181375382333091,21.283072146925054,0.0021172888686263715,0.00021279553787968973,18322,,,,,catalogue,,,,
ELL,111880742,NSV 19979,11.0,4.6498,4.6498,,0.956958,0.98259956,4.8547802,14531.0,0.8635346906050981,21.73692003909127,0.0001213204439391035,1.49335143307388e-05,13384,,,,,catalogue,,,,
ELL,275658545,V1773 Cyg,14.0,2.98467,2.98467,,0.99090165,0.95000619,6.57590008,,0.671319606666462,47.2990123648453,0.00024624103158440893,2.5397823167684194e-05,18413,,,,,catalogue,,,,
ELL,440109905,HD 1438,57.0,3.163063,3.163063,,0.97358906,0.97039664,6.19414997,11885.0,0.6460372294629414,28.300853899731027,0.00019566696954441876,2.051147172207436e-05,17986,,,,,catalogue,,,,
ELL,157884395,HW Lib,51.0,1.168815,1.168815,,0.99507397,0.93825954,8.50251961,6296.0,1.7123406749851813,18.310007570965453,0.0007255280194935369,0.000119276071666399,7259,,,,,catalogue,,,,
ELL,402564566,V1472 Aql,54.0,9.049635518098368,199.9,,0.98536801,0.98287666,4.5281601,3742.0,0.11050168794092312,17.67325287669934,0.00017134930921695326,1.739788640117282e-05,17811,,,,,periodogram,,,,
ELL,348987372,gam Crv,10.0,11.821,11.821,,0.99152446,0.98903018,2.7190001,,0.6071013504317896,8.894768413396324,0.00016371870932257196,1.7863175670265676e-05,14861,,,,,catalogue,,,,
ELL,206590268,BC Phe,29.0,0.65703,0.65703,,0.99993557,0.96085536,8.11929989,5240.0,3.0406624625361176,31.160650133695302,0.0004960653459555164,5.616833986604248e-05,15619,,,,,catalogue,,,,
ELL,239290461,ASAS J200116+4432.1,14.0,0.878543,0.878543,,0.93599248,0.82856274,11.57530022,7025.0,2.272887295535976,46.51465951325581,0.0026267775360135216,0.0002738604893900731,18423,,,,,catalogue,,,,
ELL,323968843,zet Cha,11.0,2.1595,2.1595,,0.99898452,0.97905606,5.2505002,,0.7413784072900993,9.311102213617017,0.0002882148855945591,3.284513450660455e-05,15055,,,,,catalogue,,,,
ELL,135244338,ASAS J122438-4013.9,10.0,0.614979,0.614979,,0.89658052,0.94492954,8.33549976,7212.0,3.2512092685897303,42.39121163297896,0.001118731526009568,0.0001274912896076208,15416,,,,,catalogue,,,,
ELL,141621733,ASAS J055607-7338.7,10.0,0.82326,0.82326,,0.99445629,0.94019538,9.68200016,5715.00976563,2.427492240114125,28.6123358102664,0.0009358307444498602,0.00010664781110615819,15157,,,,,catalogue,,,,
ELL,63971857,V0413 Lac,16.0,1.50873,1.50873,,0.81297642,0.87864035,9.74230003,,0.6664115260498856,33.82409875000367,0.0010368610202000496,0.00012667273471255182,13550,,,,,catalogue,,,,
ELL,461597238,PMAK V84,40.0,0.89202,0.89202,,0.99823815,0.93821037,8.36948967,7194.0,2.2446474477578127,48.46093897905907,0.000750379172683184,7.57997430664901e-05,19609,,,,,catalogue,,,,
ELL,175299655,alf Sex,8.0,0.7592,0.7592,,0.99856645,0.98282117,4.47209978,9925.0,2.6277215433143377,21.88500008773391,0.0001113970030824091,1.381709771135985e-05,13032,,,,,catalogue,,,,
ELL,415216215,d Ser A,80.0,1.8505,1.8505,,0.92347705,0.97576338,4.69782019,4983.97998047,1.0822943029972278,22.187993249542796,0.00012538272752037294,1.6186840519615558e-05,11797,,,,,catalogue,,,,
ELL,39654517,NSV 20732,12.0,2.67454,2.67454,,0.76245767,0.8699457,5.63009977,,0.7439019328758518,19.737228697496896,0.0010578190394493188,0.0001221464214359951,14806,,,,,catalogue,,,,
ELL,458520592,39 Her,25.0,2.3071,2.3071,,0.99934185,0.9768067,5.5223999,6567.47998047,0.8661554799729464,39.875615377959036,0.0002616582338764591,2.854925387969839e-05,17215,,,,,catalogue,,,,
ELL,115810065,V0463 UMa,48.0,0.49108371,0.49108371,,0.9993605,0.93979943,9.65149975,6187.89990234,4.07365038089769,43.82315193178061,0.0009349125467219438,0.0001072418240055053,15092,,,,,catalogue,,,,
ELL,51263554,19 Lyn A,20.0,2.2596,2.2596,,0.73091006,0.9605664,5.89250994,12078.0,0.8875679869364662,39.63139438456688,0.00027123619589236846,2.8913875632911817e-05,17612,,,,,catalogue,,,,
ELL,137493886,V2082 Cyg,40.0,0.714084,0.714084,,0.99687189,0.95941448,6.31960011,6843.0,2.7978373363141498,43.616696953759586,0.0003932005017374839,3.971924873493253e-05,19538,,,,,catalogue,,,,
ELL,169079394,HAT 199-08907,14.0,1.129016,1.129016,,0.92379028,0.84560126,10.70870018,6357.77978516,1.773738817632894,25.22014874019459,0.001695866300385512,0.0002226781545106363,11616,,,,,catalogue,,,,
ELL,159117674,HD 112014,21.0,3.2712,3.2712,,0.73477119,0.91352445,5.8743,10292.0,0.6097302507369929,18.13600359428978,0.0023045836251504104,0.0002376996514760244,18604,,,,,catalogue,,,,
ELL,141497319,GDS_J0838588-461337,61.0,2.80945,2.80945,,0.80906773,0.80487007,8.8366003,,0.711736467187446,25.501859021233532,0.001124864912291369,0.00012498499025459655,16534,,,,,catalogue,,,,
ELL,453039698,NSV 16198,19.0,3.88453,3.88453,,0.99456084,0.98050141,4.47069979,9226.0,0.5160454604347775,50.85033141569019,0.00013390715886993923,1.4610468848046997e-05,16693,,,,,catalogue,,,,
ELL,305308009,77 Cyg A,15.0,1.7285,1.7285,,0.99810231,0.97286355,5.7112999,,1.160401168802985,29.1914329672518,0.0001655778477509238,2.086084798905999e-05,12620,,,,,catalogue,,,,
ELL,328376750,MarSEC_V48,20.0,1.705495,1.705495,,0.99844205,0.97551191,5.35294008,9645.0,1.1763393381415717,35.47299705480522,0.0001462602794695594,1.6251142163284377e-05,16532,,,,,catalogue,,,,
ELL,229832439,V0918 Sco,39.0,9.813,9.813,,0.99770558,0.96831357,5.05539989,,0.585940946208038,13.064863100909152,0.00021085195700214882,2.077586065924559e-05,18531,,,,,catalogue,,,,
ELL,236901679,IP Dra,15.0,1.7184,1.7184,,0.99311894,0.96131307,7.20666981,6029.0,1.160436088171028,25.68449450626692,0.00033669013359725793,4.2759689726562866e-05,13306,,,,,catalogue,,,,
ELL,359293377,NSV 7682,25.0,1.40582,1.40582,,0.99768221,0.95958865,7.22833014,8117.0,1.4192886350776277,40.29005497230716,0.00030334736106663664,3.271078718776017e-05,17230,,,,,catalogue,,,,
ELL,255861229,gam CrB,24.0,0.889954,0.889954,,0.99982178,0.98781031,3.98440003,9120.0,2.244480457300205,26.83068593260975,8.169735887267944e-05,9.134042401075341e-06,16055,,,,,catalogue,,,,
ELL,49978485,NSVS 16333278,91.0,1.57069336,1.57069336,,0.98187518,0.81687826,10.84829998,4430.0,0.6401741842543809,20.336154344973504,0.0016108802456718818,0.00020295183437878242,12622,,,,,catalogue,,,,
ELL,169175441,KID 06462057,14.0,0.478709,0.478709,,0.96899027,0.79997504,11.48690033,6915.52001953,4.179876764657641,55.55213542046295,0.0025520306841531654,0.00026826350970515723,18422,,,,,catalogue,,,,
ELL,469924870,LZ Cep,16.0,3.07038,3.07038,,0.99847811,0.96753776,5.50159979,,0.6514803407158587,36.71259409956293,0.00025099292736735507,2.860329869007582e-05,14930,,,,,catalogue,,,,
ELL,122597845,KID 05872696,14.0,0.172612,0.172612,,0.89843357,0.71993327,11.79080009,7203.29980469,11.583842570263734,39.80488665996157,0.003095827974592885,0.000322762378071868,18424,,,,,catalogue,,,,
ELL,455184692,LAMOST J081930.22+001232.3,88.0,1.51211,1.51211,,0.89739442,0.78361577,11.61060047,,1.320816016388438,36.12101907099887,0.0024285445242820036,0.00026036730258944255,17239,,,,,catalogue,,,,
ELL,261459125,DE Oct,27.0,0.555602,0.555602,,0.92976636,0.94111812,8.81499958,7240.0,3.603522162478682,45.288770201912754,0.0009536669741641686,0.00010405359754492377,16780,,,,,catalogue,,,,
ELL,106886169,V0353 Vel,9.0,0.495247,0.495247,,0.97514623,0.9450013,7.45590019,8096.0,4.035571276568641,36.78041680445624,0.0005588008568641619,6.267199204243924e-05,15858,,,,,catalogue,,,,
ELL,105616263,BL CVn,23.0,9.580041844396721,18.692,,0.99996054,0.96561921,7.11780024,4262.0,0.10438367767515451,45.104296518883864,0.00030437029726792646,3.6910320145185505e-05,13405,,,,,periodogram,,,,
ELL,200282468,TV Pic,4.0,0.851994,0.851994,,0.99957103,0.96774065,7.31629992,8167.0,2.3477416004065534,30.714808298732134,0.000739618504556808,8.597890472596367e-05,14742,,,,,catalogue,,,,
ELL,166563738,HD 111610,100.0,5.0925,5.0925,,0.98078889,0.93855661,9.22319984,8064.0,0.531176732484056,9.160322131789819,0.0006579847356670845,6.897554211942842e-05,17210,,,,,catalogue,,,,
ELL,21249978,V0868 Ara,13.0,12.5,45.136,,0.98783761,0.93621641,7.05280018,6750.0,0.08,10.084322209049803,0.0003257641862938424,3.43385602933316e-05,17339,,,,,periodogram,,,,
ELL,272839425,KID 10155563,14.0,0.360279,0.360279,,0.77118433,0.79964328,11.55119991,6083.70996094,5.550246648656357,55.054173532054165,0.002835621178800306,0.00029563394429268875,18424,,,,,catalogue,,,,
ELL,273684561,KID 09848190,14.0,5.234718,5.234718,,0.90281194,0.81446993,11.24479961,9462.0,0.5148974674356017,7.23758665379102,0.0021595106265780927,0.00022393082040185158,18423,,,,,catalogue,,,,
ELL,26439899,NSV 1305,86.0,1.940564,1.940564,,0.86767805,0.96072632,6.62799978,14182.0,0.5150575439821683,20.27231227834009,0.00026271812461556087,3.4496579790865366e-05,11368,,,,,catalogue,,,,
ELL,257073305,NSV 17602,34.0,0.654501,0.654501,,0.984496,0.92913115,8.80259991,,3.0550188287303954,45.752648474231954,0.0010111137684246515,0.00011032155666709561,16836,,,,,catalogue,,,,
ELL,343661464,DH Cep,16.0,2.11098,2.11098,,0.94000262,0.91474789,8.24600029,11264.0,0.9466807766573644,31.32185108560359,0.0005784803974758098,7.015105238653093e-05,13545,,,,,catalogue,,,,
ELL,271352011,KID 08894630,14.0,1.083908,1.083908,,0.87772089,0.79470438,11.19400024,7310.49023438,1.8482263291649108,45.26312770856539,0.002206043102780273,0.00022875601340763697,18423,,,,,catalogue,,,,
ELL,123409994,KID 07660607,14.0,2.763401,2.763401,,0.75785345,0.755202,10.71399975,6768.0,0.7234664459213798,33.57937014876843,0.001995322867146452,0.00020525666843777574,18167,,,,,catalogue,,,,
ELL,356237464,VSSP J174956.76+520320.9,40.0,1.2632,1.2632,,0.98338705,0.82017428,11.69019985,7536.0,0.7907830355266458,25.320450509389744,0.0027015672662702413,0.00027151772630680456,19610,,,,,catalogue,,,,
ELL,33743341,IP CMa,33.0,5.0946,5.0946,,0.99124444,0.95627064,6.67089987,,0.5232209967200647,14.296472294633011,0.0005268095476900814,5.522464606838446e-05,17454,,,,,catalogue,,,,
ELL,272079818,ASAS J194436+4739.2,14.0,0.442365,0.442365,,0.91776383,0.79015607,11.4005003,6556.27001953,4.52232228828413,61.1771225482428,0.0027008612340769273,0.0002879127749411495,18422,,,,,catalogue,,,,
ELL,28244955,alf Tri,17.0,1.736315,1.736315,,0.99744391,0.98945922,2.88499999,6347.60009766,1.151337524674095,27.459104202618843,8.900235391962605e-05,1.1213242598604063e-05,12621,,,,,catalogue,,,,
ELL,200386263,NSV 16264,4.0,1.2444,1.2444,,0.99447316,0.96135294,7.47819996,6736.0,1.6040015217085528,24.965832993066755,0.0003137790474742294,3.672505968249293e-05,14729,,,,,catalogue,,,,
ELL,50727200,NSV 2071,6.0,1.4594,1.4594,,0.98661929,0.94446367,8.61740017,,1.372745475712362,33.62593346343655,0.0005052952584797602,5.914033672523646e-05,14680,,,,,catalogue,,,,
ELL,102928809,KP UMa,14.0,1.5853,1.5853,,0.9999395,0.94320494,7.34061003,6281.12011719,1.2597627641789404,41.8861103448311,0.00035912845511037143,3.744172969428079e-05,18419,,,,,catalogue,,,,
ELL,158321712,ASAS J190700+4632.3,14.0,0.272802,0.272802,,0.98962319,0.95414245,9.18019962,6953.64990234,7.330572545859016,67.22324522460973,0.0009752009910896679,0.00010167173162247035,18419,,,,,catalogue,,,,
ELL,336130142,zet 1 Lyr,14.0,4.3,4.3,,0.77402008,0.97097695,4.19250011,7916.0,0.514897839858937,23.853799452762978,0.0003564129880857478,3.715862268651544e-05,18380,,,,,catalogue,,,,
ELL,235112106,MarSEC_V63,33.0,1.766091,1.766091,,0.97132468,0.84726584,10.32040024,8200.0,1.134699599111576,25.637769733591654,0.0012591304380917842,0.00013346755950287707,17402,,,,,catalogue,,,,
ELL,273234419,KID 07222086,74.0,3.289849,3.289849,,0.97898775,0.81641752,10.74040031,6920.95996094,0.6273231147500112,5.086020867844192,0.001690555288503313,0.00017344731290074716,18604,,,,,catalogue,,,,
ELL,418010485,d Boo,23.0,9.6046,9.6046,,0.99999428,0.98688775,4.31689978,6245.0,0.5242530513821649,9.003671341821045,0.00013184818363926813,1.5872656065222453e-05,13500,,,,,catalogue,,,,
ELL,140388186,MarSEC_V54,7.0,4.71,4.71,,0.97909665,0.92839938,7.78656006,8776.0,0.5654319214236754,12.823225737351791,0.0004500930579860568,4.910917876179175e-05,16339,,,,,catalogue,,,,
ELL,81908247,BD+62 526,19.0,7.802008765881428,15.536,,0.94843006,0.87990606,10.05189991,10079.0,0.1281721195153035,47.30501886607055,0.0012025913975283098,0.0001312134787922907,16699,,,,,periodogram,,,,
ELL,218291318,pi Ari A,42.0,3.8351,3.8351,,0.91197258,0.97403699,5.4155302,13939.29980469,0.5670839693883014,15.53103383260516,0.0001562736190534425,1.8678270037689888e-05,14120,,,,,catalogue,,,,
ELL,45553805,NSV 18299,35.0,1.2485,1.2485,,0.99505675,0.96037555,7.1097002,6679.0,1.6006063474381886,28.996366303550595,0.00029740134277969713,3.6065210278859274e-05,13689,,,,,catalogue,,,,
ELL,174966696,NSV 17564,34.0,1.54412,1.54412,,0.98492926,0.95967537,6.62109995,12882.0,1.2973841120658243,36.27142302050355,0.0002988900643240295,3.261157962464489e-05,16977,,,,,catalogue,,,,
ELL,102643159,V1036 Sco,12.0,3.366764,3.366764,,0.95889378,0.9486329,4.53399992,,0.595478491260562,17.802404669637927,0.00028119651461258805,3.105296023559598e-05,16114,,,,,catalogue,,,,
ELL,35654635,ASAS J095458-4448.7,36.0,0.459336,0.459336,,0.93547589,0.92859334,8.34899998,6974.0,4.354462551833679,36.631876003890504,0.0006146041247802705,7.004064035443087e-05,15377,,,,,catalogue,,,,
ELL,164674435,KIC 6670812,14.0,1.742,1.742,,0.99685884,0.96274179,6.80173016,6391.64013672,1.1480850358256682,44.47668697484121,0.00026216284485497236,2.794665316245243e-05,18414,,,,,catalogue,,,,
ELL,90692895,IX Per,18.0,1.326363,1.326363,,0.9729259,0.96985745,6.23430014,6646.0,1.506684412363457,26.19982881444271,0.0002350754880949131,2.7513504804318964e-05,14537,,,,,catalogue,,,,
ELL,86018302,GN Cnc,44.0,1.1381555,1.1381555,,0.99764174,0.93778235,8.38389969,6914.0,1.7542924945047886,34.54121123609953,0.000551644140704615,6.286568427527955e-05,15274,,,,,catalogue,,,,
ELL,140463236,NSV 17574,61.0,1.79958,1.79958,,0.99050844,0.93241107,8.17339993,8723.0,1.113832175549403,33.87304448436126,0.00047616311992579134,5.391485651986124e-05,15847,,,,,catalogue,,,,
ELL,159105847,KID 07884842,14.0,1.314583,1.314583,,0.9866693,0.92192042,9.51690006,9652.0,1.5204877065186095,35.047421342399346,0.0008397696782501198,8.803178200484448e-05,18422,,,,,catalogue,,,,
ELL,280256613,NSV 15564,18.0,2.53638,2.53638,,0.99750453,0.9727456,5.86554003,8525.0,0.7899921239124397,35.34906628764445,0.00023310739736671034,2.7283157207704045e-05,14762,,,,,catalogue,,,,
ELL,469018187,omi Leo,45.0,7.270697261595378,14.498,,0.99970454,0.98632091,3.01489997,6173.0,0.13753839061380121,28.394987132220766,0.00013302258744273747,1.4966210368169797e-05,16496,,,,,periodogram,,,,
ELL,245152467,18 Vul,14.0,9.3155,9.3155,,0.99634254,0.96995318,5.46853018,8920.0,0.5744875423578395,7.169941298511357,0.00023604010217137322,2.883688812808218e-05,14206,,,,,catalogue,,,,
ELL,359631482,MNIC V136,14.0,0.556515,0.556515,,0.99280638,0.95792556,8.66209984,5393.0,3.5914151886742225,28.983333723064977,0.0006247256336909419,7.748767816593104e-05,12909,,,,,catalogue,,,,
ELL,41206539,HIP 96348,40.0,1.03656,1.03656,,0.98577696,0.93636829,7.22849989,13612.0,1.932670096646874,29.597917558389522,0.00030415875543392083,3.0882642592164585e-05,19604,,,,,catalogue,,,,
ELL,140601757,mu. Ori A,6.0,4.4476,4.4476,,0.99840665,0.98271847,4.00559998,,0.518372180211347,18.05727085864015,6.272993064410494e-05,7.102765982180333e-06,14591,,,,,catalogue,,,,
ELL,150388753,V0352 UMa,15.0,1.4135221,1.4135221,,0.99375695,0.95245665,6.75363016,9266.0,1.4123860396772279,30.822796607409977,0.0002877142539620639,3.300308835886403e-05,15232,,,,,catalogue,,,,
ELL,435728608,V0379 Vul,41.0,0.9453043485379645,,,0.98345739,0.9433713,6.54829979,14825.0,1.057860361635519,16.273473642467447,0.00021897518950007454,2.2829741665822477e-05,18317,,,,,periodogram,,,,
ELL,119459850,MarSEC_V55,33.0,5.72,5.72,,0.87401849,0.7858054,11.22469997,9025.0,0.5,6.580461235225315,0.0021021211732053595,0.00023073777498554596,17458,,,,,catalogue,,,,
ELL,423198305,108 Her,26.0,5.513,5.513,,0.56281,0.93632233,5.40299988,7461.0,0.5,5.37645619462327,0.001439899182306631,0.00016200131485664658,16926,,,,,catalogue,,,,
ELL,325908108,V0365 Lac,56.0,2.17271,2.17271,,0.98652548,0.95924759,6.34576988,18691.0,0.9232527785011683,39.471516557534386,0.00023580001835840774,2.406623859654187e-05,19483,,,,,catalogue,,,,
DIP,285920309,285920309,34.0,11.911314160435388,,,0.9172138,0.91054952,9.11859989,6451.0,13.60234647655668,3.9445511290798816,0.0006743240951423206,7.271423721709568e-05,16954,,,,,BLS,14.189552138793665,,,
DIP,260095721,260095721,39.0,11.356633416428215,,,0.37382603,0.58284307,11.64039993,10181.0,0.6522172744110931,3.275323586052981,0.00702795991964827,0.0007761083391196143,18273,,,,,BLS,15.072550932304004,,,
DIP,331873153,331873153,71.0,11.974594024058531,,,0.46212777,0.66623861,11.5642004,3614.0,0.765430687579542,2.225579016160875,0.004715890672499215,0.0005085275693398185,14800,,,,,BLS,78.50558486803794,,,
DIP,290353620,290353620,13.0,3.752456906595754,,,0.99332309,0.96869928,6.70919991,5225.0,1.0697042602378797,3.735621383070924,0.0002611489434374689,2.5546424699239934e-05,19422,,,,,BLS,14.647726505721849,,,
DIP,436335319,436335319,98.0,11.57533679596852,,,0.48558483,0.47892511,15.25769997,3179.0,0.5303506360729502,1.710798828524639,0.06418424059043941,0.005717986617135558,27373,,,,,BLS,313.88707173946204,,,
DIP,26074475,26074475,35.0,10.533524651308928,,,0.72947025,0.76741856,11.98530006,4710.0,7.683389813413776,2.7601091093728773,0.003441469188524753,0.0003947635897391664,13672,,,,,BLS,16.16092423527493,,,
DIP,129618472,129618472,11.0,11.92394332419958,,,0.51241493,0.81172538,11.63799953,,0.6738409914195399,2.8968989287392533,0.005154108445785724,0.0005590415523956499,14012,,,,,BLS,19.22363679670756,,,
DIP,56895731,56895731,44.0,11.810761201521517,,,0.56568569,0.79647332,11.35480022,8049.0,0.6490289094513177,2.9834840144519714,0.002811813630530822,0.00030679401909562107,15772,,,,,BLS,10.687255812461439,,,
DIP,130240098,130240098,80.0,8.95693600325061,,,0.99166811,0.91280317,7.75670004,6240.64013672,0.6739307080953709,3.464405302327878,0.00033141598690407474,4.142699836300934e-05,13087,,,,,BLS,9.679350660566103,,,
DIP,261383901,261383901,11.0,10.139245959610626,,,0.9872098,0.92046326,9.44069958,5114.0,0.5081158676902474,3.4295917133552853,0.0008165926730258303,9.557494324289792e-05,14767,,,,,BLS,8.81298577312588,,,
DIP,18783433,18783433,20.0,3.8695655175728567,,,0.99968016,0.97230375,5.93454981,5063.0,1.0319440305952472,3.764239586549913,0.00017603421737440704,1.932226560296608e-05,16542,,,,,BLS,55.786926479291154,,,
DIP,187495507,187495507,59.0,7.004667817439914,,,0.92822909,0.7989549,11.05480003,6530.22998047,0.697779910663079,2.7146047455888853,0.0019019587195036386,0.00019019587195036385,16710,,,,,BLS,139.7190522675833,,,
DIP,35155503,35155503,42.0,9.47237766260534,,,0.89931142,0.59416199,13.79290009,3379.0,0.5612446642459116,3.2967628515299694,0.009471922518980998,0.0011486393242183869,13081,,,,,BLS,8.738631942293337,,,
DIP,85979384,85979384,44.0,5.124146256023545,,,0.99920565,0.88402051,10.6505003,5698.12011719,0.5996731031680707,2.7736080016703255,0.0015468476647557468,0.00017981738852424652,15264,,,,,BLS,8.51380265176771,,,
DIP,122673489,122673489,40.0,6.06452938583649,,,0.0612164,0.52442217,13.75899982,5435.5,0.6205657974652883,3.928242558337704,0.03813356993631154,0.00399748431343102,19593,,,,,BLS,13.123261707040887,,,
DIP,264905657,264905657,7.0,4.450530163343566,,,0.91788918,0.92815971,8.77272987,5106.0,0.7535802252642682,2.512374026565826,0.0005433351351269632,6.0370570569662575e-05,16333,,,,,BLS,12.203335119380908,,,
DIP,650011142,650011142,66.0,9.626195799549535,,,0.02635567,0.62763792,18.69449997,,0.7735721835421018,3.273712397357455,0.8256057036219647,0.09939124694300695,14082,,,,,BLS,13.880011792999849,,,
DIP,264907695,264907695,7.0,11.416966491698503,,,0.93614805,0.71896738,12.39560032,3937.0,22.103400407313977,3.5824428081205895,0.004121854732756105,0.00045518270839708545,16184,,,,,BLS,10.733888628730382,,,
DIP,189269568,189269568,62.0,6.387752374116471,,,0.97537792,0.88190132,10.05090046,6437.0,0.5569009813553446,3.378012937879625,0.0010296791319352346,0.00010735147043113642,16133,,,,,BLS,10.879390250906056,,,
DIP,2840019,2840019,12.0,5.981556304273638,,,0.9924618,0.91313761,8.71420002,4191.0,0.5491024699018776,3.8347711518393774,0.0006251133628531139,7.753577004965355e-05,14755,,,,,BLS,35.256109449126754,,,
DIP,292851928,292851928,18.0,4.172284587982671,,,0.99336445,0.95631391,7.03620005,5853.0,0.5671883069594523,3.9172871274953285,0.00025091549984591796,2.8973226275978046e-05,14825,,,,,BLS,11.367715457751055,,,
DIP,122364425,122364425,74.0,9.236468682788582,,,0.14294638,0.48790395,14.33640003,4588.77001953,0.859496730836689,3.2855634811237424,0.044233657274952945,0.004423365727495294,18077,,,,,BLS,8.209752450928729,,,
DIP,164415766,164415766,53.0,9.585478464728258,,,0.49702454,0.63049835,15.91779995,3713.0,1.3806250519018055,3.884694580074317,0.08201272392418922,0.009873171733501192,12918,,,,,BLS,12.346710832720031,,,
DIP,394015965,394015965,94.0,11.931491276703811,,,0.96916199,0.86295843,11.03279972,4667.14013672,0.550287092039492,3.86594365337984,0.001834676363137005,0.00019783824016786187,15074,,,,,BLS,8.796192211442975,,,
DIP,123492081,123492081,14.0,11.987290281323064,,,0.99815035,0.95905107,8.26690006,4723.0,1.2523352534836623,3.68761059069803,0.0004681405024130556,5.048088862405074e-05,18415,,,,,BLS,27.66432402740344,,,
DIP,68326706,68326706,12.0,11.673885428474042,,,0.9829163,0.8278116,11.14999962,5267.0,0.5245904887223465,2.157576525467058,0.002033121680892012,0.00022452072991676207,14316,,,,,BLS,68.69875561053207,,,
DIP,68327143,68327143,12.0,11.563076856446223,,,0.91229868,0.86448979,10.49790001,6446.0,0.5492005800989614,3.2991916824162533,0.00143047288163286,0.00015894143129254,14306,,,,,BLS,17.640016396918917,,,
DIP,25508427,25508427,6.0,9.693140834566234,,,0.98764431,0.94557333,8.14900017,6278.0,77.61607608689057,3.382613390925478,0.00039946377728522975,4.774505350040891e-05,14623,,,,,BLS,8.429741142535459,,,
DIP,414312286,414312286,91.0,5.317767566164972,,,0.99773693,0.93757707,8.13469982,4729.0,0.778941608275588,3.2724424330848687,0.00041703845842271065,5.475983234080385e-05,12720,,,,,BLS,23.322693353837625,,,
DIP,304714270,304714270,14.0,1.5391022721210617,,,0.98005855,0.93601578,9.04430008,4917.0,0.9469257730782217,3.9396500033349127,0.0006530510974563195,7.919407805111582e-05,14210,,,,,BLS,21.647304182301987,,,
DIP,25508409,25508409,6.0,8.455336950373216,,,0.26346493,0.44413897,13.22329998,3373.0,3.8069431339119637,1.9931860760805185,0.013107184509138592,0.0016646140972755308,14620,,,,,BLS,69.97444734310187,,,
DIP,25512061,25512061,6.0,10.141303082530511,,,0.51806629,0.67696816,14.37520027,3238.0,1.5471984574078999,2.337020953390694,0.023569786406516427,0.0027586348401864467,14613,,,,,BLS,15.078903513712497,,,
DIP,164830734,164830734,53.0,6.692647018928466,,,0.64688814,0.65690708,15.23690033,3891.0,56.56365061357547,3.4829174545079087,0.05996169813046019,0.007166793706979865,13412,,,,,BLS,7.107645426489469,,,
DIP,325763632,325763632,80.0,3.6698728136949357,,,0.97920847,0.87058508,10.16250038,5625.99023438,1.0823012042757867,3.4180394169687887,0.0016014043978598298,0.00021996981119993698,11640,,,,,BLS,494.2411461939779,,,
DIP,122515909,122515909,81.0,4.2477788738253945,,,0.96611595,0.94082558,8.13325024,4957.0,0.7253646356375993,3.9569955515760933,0.0004241512828534269,4.446313582913968e-05,17272,,,,,BLS,33.12432895684558,,,
DIP,187679650,187679650,59.0,11.760803489425218,,,0.89662552,0.76339805,10.95580006,7307.56005859,0.8877338319571615,2.410039725106382,0.0018113714303299956,0.00019647081683056,16686,,,,,BLS,22.195323916221042,,,
DIP,261290640,261290640,99.0,10.203918972710728,,,0.69020051,0.78025323,11.74909973,5542.0,0.5515548853662713,3.9385267262128085,0.003616416283663337,0.00042182736154606685,13913,,,,,BLS,10.322074127006779,,,
DIP,432484912,432484912,17.0,11.477859188416184,,,0.58307439,0.9289788,10.28149986,5135.20996094,0.7854099732974718,3.877212201182924,0.0015298771391465866,0.00017051343951270082,12941,,,,,BLS,20.35909154189935,,,
DIP,238783609,238783609,34.0,11.987290281323064,,,0.93730026,0.90208077,9.44089985,6613.0,0.8351194254919787,3.4725524678376005,0.0007645125910427437,8.243951284108525e-05,16955,,,,,BLS,8.707656522045239,,,
DIP,345490709,345490709,14.0,3.9315659184517533,,,0.4743551,0.55488229,13.38080025,3569.0,0.5,2.9170545568932895,0.015067807278954386,0.0018009474339743304,13737,,,,,BLS,11.02890642262561,,,
DIP,356786657,356786657,47.0,4.288485194222818,,,0.9969902,0.8282268,12.34070015,5446.0,0.9413647705622467,3.5094890409209762,0.00343206065070907,0.0003886043454589237,16456,,,,,BLS,13.01687505087377,,,
DIP,204793195,204793195,91.0,5.589331530435822,,,0.9545728,0.86120385,9.71870995,5154.0,0.5248846928307391,2.9263268589705183,0.0009353694709195686,0.00012075567944741106,12539,,,,,BLS,8.796695856240596,,,
DIP,1978764640,1978764640,84.0,10.931545071002443,,,0.063168,0.61085248,18.84259987,,0.779616937442162,3.02196632093386,7.575470494895526,0.8577531264210198,14715,,,,,BLS,12.190593754420723,,,
DIP,189269503,189269503,35.0,11.92394332419958,,,0.91844702,0.89045787,9.99915028,5714.0,0.5165554671246937,3.9546622292621847,0.0011181825094412835,0.00012128392184895574,13689,,,,,BLS,25.74886937173673,,,
DIP,272276356,272276356,55.0,8.621670351354288,,,0.98241377,0.93987679,8.8524704,4675.29980469,1.1405935931509374,3.8046975591019683,0.0006557573611375077,6.799887069634901e-05,18880,,,,,BLS,24.76662237244803,,,
DIP,120311283,120311283,40.0,9.265879190293164,,,0.87454027,0.78088111,11.76939964,5622.0,0.5425529829860731,3.2577942749559057,0.003014689353831048,0.00036830292326440794,15504,,,,,BLS,127.2886327525864,,,
DIP,165062535,165062535,28.0,10.464753558873257,,,0.97619611,0.8612799,11.26299953,5986.20019531,0.862391209136164,2.7814573457422416,0.001988906109659372,0.00022965909556094596,13397,,,,,BLS,19.48562384736357,,,
DIP,121816115,121816115,59.0,8.176740641135567,,,0.8746267,0.74859238,11.88129997,5634.0,1.1009885910207888,3.4227089761602425,0.0031840429091057514,0.000339420114564174,16729,,,,,BLS,10.083592866296568,,,
DIP,71078269,71078269,92.0,6.821532443634756,,,0.63335282,0.96242619,8.9769001,,1.0182282814714267,3.307940912777014,0.0007911192360701125,8.074326891967518e-05,15572,,,,,BLS,13.938664272923688,,,
DIP,189296228,189296228,62.0,11.514166811218374,,,0.88377714,0.69566131,11.62059975,6787.10986328,0.7032176630673205,3.9267242213888633,0.002407725437610838,0.00026428220091770697,16132,,,,,BLS,12.028736137788062,,,
DIP,123495717,123495717,74.0,7.504160132839919,,,0.80969316,0.74264717,12.37510014,5566.33007813,0.5,3.381669421652223,0.004089922534225481,0.00045443583713616453,15450,,,,,BLS,12.059224992955643,,,
DIP,385202492,385202492,58.0,8.890739887469378,,,0.96951902,0.91708368,9.45928001,5906.43017578,0.961786391902919,3.45236722589363,0.0007556860255318094,7.712688201269809e-05,19328,,,,,BLS,14.242393180660956,,,
DIP,122516963,122516963,74.0,6.894204907313812,,,0.73296845,0.62023008,13.07320023,5786.58007813,1.1515881525750984,3.2488999626595274,0.0068017916964832606,0.0006836057866481786,16477,,,,,BLS,12.92598455332729,,,
DIP,189349643,189349643,8.0,5.391532910760065,,,0.95888829,0.909594,9.63537025,6985.0,0.9406655378460483,3.8288566694410187,0.000872975830147969,0.00011365177263954476,12962,,,,,BLS,15.193464318163507,,,
DIP,85979436,85979436,21.0,11.835819580480623,,,0.46382603,0.6796791,14.83100033,31000.0,6.205297653299553,2.960964520371152,0.036354945670225076,0.003943247504107149,17353,,,,,BLS,8.102806767225141,,,
DIP,46250792,46250792,44.0,11.949241836751524,,,0.99951798,0.84055263,10.67669964,5127.16992188,11.258853728754204,3.4955700646249186,0.0015580387056837702,0.00016800763439217672,15282,,,,,BLS,7.4594022842702925,,,
DIP,441813918,441813918,14.0,5.788249682481905,,,0.99816447,0.98343289,4.55289984,6253.56005859,0.5372435851838654,3.7245382438923627,9.757973301512753e-05,1.0646821734176272e-05,18406,,,,,BLS,17.768635691435097,,,
DIP,396489487,396489487,58.0,11.74834711411144,,,0.98246557,0.93571013,9.10070038,6917.0,1.7771441040114175,2.667851242116138,0.000684499696774161,7.424441629897504e-05,19298,,,,,BLS,1392.8482906688473,,,
DIP,205337959,205337959,12.0,11.911314160435388,,,0.98202032,0.78916425,10.97609997,4740.0,1.490285715916769,2.9663141027980426,0.0019649197651848515,0.00021567796396463135,14358,,,,,BLS,13.454410633240814,,,
DIP,122451550,122451550,74.0,9.32498144786191,,,0.35511008,0.70793682,12.37129974,5571.72998047,0.5449371134848591,3.3711295618317183,0.006599348689199375,0.0006717960084044566,16627,,,,,BLS,16.808675197835598,,,
DIP,304399261,304399261,54.0,2.1996972267411294,,,0.97812599,0.92299682,8.26214981,5041.0,0.9193738434136712,3.3530496024406102,0.0004669812074027142,4.9780363971433275e-05,17895,,,,,BLS,25.56318895159546,,,
DIP,85506765,85506765,19.0,11.974594024058531,,,0.66803479,0.73836643,11.0855999,5266.0,0.6123129665087743,3.4344728132698648,0.0029710911697126627,0.0003203810002703641,16719,,,,,BLS,9.871307070330237,,,
DIP,139460049,139460049,18.0,10.762480319230912,,,0.9836238,0.89114255,10.10309982,5929.37011719,0.5,3.221031686890334,0.0009981915345972589,0.00011375448269983425,14757,,,,,BLS,12.84206961413061,,,
DIP,468462490,468462490,18.0,10.92588153393101,,,0.9764818,0.91358948,9.75417995,5998.0,0.6777767425714134,3.591846896500111,0.0008929022176858568,0.0001011012674822474,15134,,,,,BLS,15.082042783361896,,,
DIP,264834973,264834973,34.0,9.484437032838796,,,0.08730651,0.66818666,17.12070084,,3.8048724921479984,2.3435735803373077,0.2822427552712652,0.03397803487060924,16748,,,,,BLS,19.43135052047026,,,
DIP,57292361,57292361,71.0,6.960271838333193,,,0.65388393,0.74992317,12.84329987,3377.0,0.5581967643332976,3.2069019534033414,0.0072779543203144335,0.0008403857771966675,14970,,,,,BLS,8.356192241510579,,,
DIP,122702782,122702782,59.0,8.53983341831416,,,0.9683935,0.87592322,9.0958004,5649.0,1.9864896053834267,2.9813488739341087,0.0006928480332047407,7.223440083714161e-05,16733,,,,,BLS,12.461593698435989,,,
DIP,165076764,165076764,1.0,4.906280121681997,,,0.99984825,0.96525151,6.88590002,6179.95996094,4.732359451640761,3.9823041682785774,0.0002322031213673332,2.287965339643702e-05,18201,,,,,BLS,16.98188685700297,,,
DIP,123447780,123447780,54.0,10.011127039031138,,,0.32743174,0.49098718,14.32180023,3470.0,0.7897549094274248,2.798230585028172,0.022633766115313883,0.0023344947254187094,17898,,,,,BLS,12.516971649279029,,,
DIP,455786134,455786134,17.0,1.163046819269609,,,0.99803013,0.95349723,8.13589954,4836.0,0.628696086991405,3.645708857775141,0.0004235877149468958,5.2140043393341985e-05,13096,,,,,BLS,30.38464843091775,,,
DIP,120789717,120789717,103.0,11.823283752382382,,,0.45612118,0.5744921,11.20100021,6940.0,0.730394769977972,3.9537870382350127,0.003802439830342559,0.00041243250661205234,15450,,,,,BLS,25.65092973541964,,,
DIP,276033927,276033927,19.0,9.937139938494099,,,0.98948282,0.94820815,8.7468996,9482.0,0.7324279318505938,3.1527226632968124,0.0005682437087106133,6.696816329931132e-05,16745,,,,,BLS,7.886321718650756,,,
DIP,6895355,6895355,71.0,11.853950686343522,,,0.95293081,0.640733,12.42409992,5157.16992188,64.45336205281973,3.745288818622389,0.004885347655760747,0.0005330351292547307,14717,,,,,BLS,17.914137087487962,,,
